{
  "mqm": {
    "target": 0.6243996615851126,
    "params": {
      "GEMBA_score": 0.0,
      "metricx-23-qe-large-v2p0_reference_free": 0.0,
      "metricx-23-qe-xl-v2p0_reference_free": 0.0,
      "metricx-23-qe-xxl-v2p0_reference_free": 0.95567786165172,
      "wmt22-cometkiwi-da_reference_free": 0.39269507743990506,
      "wmt23-cometkiwi-da-xl_reference_free": 0.06137856413916169
    }
  }
}