{
  "sqm": {
    "target": 0.14463275605214115,
    "params": {
      "bertscore_f1": 0.0,
      "bertscore_precision": 0.4125679734517101,
      "bleu": 0.0,
      "bleurt": 1.0,
      "chrf": 0.0,
      "metricx-23-large-v2p0": 0.0,
      "metricx-23-xl-v2p0": 0.20536690681516792,
      "metricx-23-xxl-v2p0": 1.0,
      "wmt22-comet-da": 0.19211882110000955,
      "xcomet-xl": 0.5302339431678916,
      "yisi": 0.0
    }
  },
  "mqm": {
    "target": 0.4704950158537331,
    "params": {
      "bertscore_f1": 0.07846899196286322,
      "bertscore_precision": 0.0,
      "bleu": 0.0,
      "bleurt": 0.0,
      "chrf": 0.0,
      "metricx-23-large-v2p0": 0.121408619349021,
      "metricx-23-xl-v2p0": 0.11298164043250505,
      "metricx-23-xxl-v2p0": 1.0,
      "wmt22-comet-da": 0.0,
      "xcomet-xl": 0.17522337499431634,
      "yisi": 0.0
    }
  },
  "da": {
    "target": 0.5724765936246495,
    "params": {
      "bertscore_f1": 0.2136735185863915,
      "bertscore_precision": 0.0,
      "bleu": 0.0,
      "bleurt": 1.0,
      "chrf": 0.0,
      "metricx-23-large-v2p0": 1.0,
      "metricx-23-xl-v2p0": 0.20628420026971095,
      "metricx-23-xxl-v2p0": 1.0,
      "wmt22-comet-da": 0.46087222618599666,
      "xcomet-xl": 0.0,
      "yisi": 0.21123826893961692
    }
  },
  "combined": {
    "target": 0.2787923194244557,
    "params": {
      "bertscore_f1": 0.0870311712446417,
      "bertscore_precision": 0.0,
      "bleu": 0.0,
      "bleurt": 0.0,
      "chrf": 0.0,
      "metricx-23-large-v2p0": 0.028043901432668716,
      "metricx-23-xl-v2p0": 0.29792602289064507,
      "metricx-23-xxl-v2p0": 1.0,
      "wmt22-comet-da": 0.0,
      "xcomet-xl": 0.2594156639157135,
      "yisi": 0.0
    }
  }
}