{
  "mqm": {
    "target": 0.18523365352057822,
    "params": {
      "bertscore_f1": 0.0,
      "bertscore_precision": 0.0,
      "bleu": 0.0,
      "bleurt": 0.0,
      "chrf": 0.0,
      "metricx-23-large-v2p0": 0.0,
      "metricx-23-xl-v2p0": 0.0,
      "metricx-23-xxl-v2p0": 0.7847653360190587,
      "wmt22-comet-da": 1.0,
      "xcomet-xl": 0.0,
      "yisi": 0.0
    }
  }
}