{
  "sqm": {
    "target": 0.34054834038705006,
    "params": {
      "bertscore_f1": 0.0,
      "bertscore_precision": 0.0,
      "bleu": 0.19057933260741847,
      "bleurt": 0.0,
      "chrf": 0.0,
      "metricx-23-large-v2p0": 0.0,
      "metricx-23-xl-v2p0": 0.8005301168619512,
      "metricx-23-xxl-v2p0": 0.8546382622314542,
      "wmt22-comet-da": 0.0,
      "xcomet-xl": 1.0,
      "yisi": 0.0
    }
  },
  "mqm": {
    "target": 0.39869737820718637,
    "params": {
      "bertscore_f1": 0.0,
      "bertscore_precision": 0.0,
      "bleu": 0.0,
      "bleurt": 0.0,
      "chrf": 0.0,
      "metricx-23-large-v2p0": 0.0,
      "metricx-23-xl-v2p0": 0.0,
      "metricx-23-xxl-v2p0": 1.0,
      "wmt22-comet-da": 0.2055307813370211,
      "xcomet-xl": 0.27327721603913696,
      "yisi": 0.0
    }
  },
  "da": {
    "target": 0.33873250934995264,
    "params": {
      "bertscore_f1": 0.0,
      "bertscore_precision": 0.0,
      "bleu": 0.0,
      "bleurt": 1.0,
      "chrf": 0.0,
      "metricx-23-large-v2p0": 0.32261526107538374,
      "metricx-23-xl-v2p0": 0.0,
      "metricx-23-xxl-v2p0": 0.651039494018879,
      "wmt22-comet-da": 1.0,
      "xcomet-xl": 0.0,
      "yisi": 0.0
    }
  },
  "combined": {
    "target": 0.2952497545901453,
    "params": {
      "bertscore_f1": 0.0,
      "bertscore_precision": 0.0,
      "bleu": 0.0,
      "bleurt": 1.0,
      "chrf": 0.0,
      "metricx-23-large-v2p0": 0.2693398486515744,
      "metricx-23-xl-v2p0": 0.0,
      "metricx-23-xxl-v2p0": 1.0,
      "wmt22-comet-da": 1.0,
      "xcomet-xl": 0.0,
      "yisi": 0.0
    }
  }
}