{
  "mqm": {
    "target": 0.48812909381020037,
    "params": {
      "bertscore_f1": 0.0,
      "bertscore_precision": 0.0,
      "bleu": 0.0,
      "bleurt": 0.0,
      "chrf": 0.0,
      "metricx-23-large-v2p0": 0.0,
      "metricx-23-xl-v2p0": 0.16295300667868262,
      "metricx-23-xxl-v2p0": 1.0,
      "wmt22-comet-da": 0.0,
      "xcomet-xl": 1.0,
      "yisi": 0.0
    }
  }
}