{
  "mqm": {
    "target": 0.40708110400596126,
    "params": {
      "GEMBA_score": 0.0,
      "metricx-23-qe-large-v2p0_reference_free": 0.06564649056309636,
      "metricx-23-qe-xl-v2p0_reference_free": 0.0,
      "metricx-23-qe-xxl-v2p0_reference_free": 0.9904603321616574,
      "wmt22-cometkiwi-da_reference_free": 0.1267047358620059,
      "wmt23-cometkiwi-da-xl_reference_free": 0.05844699223607353
    }
  }
}