{
    "GRM-Gemma-2B-rewardmodel-ft_all": 0.1144232211410179,
    "GRM-Llama3-8B-rewardmodel-ft_all": 0.21877515451343996,
    "Skywork-Reward-Llama-3.1-8B_all": 1.0,
    "internlm2-1_8b-reward_all": 0.22148920242377254,
    "internlm2-7b-reward_all": 0.5482172828914557
}