{
    "alpacaeval-easy": 1.0,
    "alpacaeval-hard": 0.9789473684210527,
    "alpacaeval-length": 0.9578947368421052,
    "mt-bench-easy": 1.0,
    "mt-bench-med": 1.0,
    "mt-bench-hard": 0.8918918918918919,
    "llmbar-natural": 0.94,
    "llmbar-adver-neighbor": 0.8134328358208955,
    "llmbar-adver-GPTInst": 0.8804347826086957,
    "llmbar-adver-GPTOut": 0.8936170212765957,
    "llmbar-adver-manual": 0.7608695652173914,
    "refusals-dangerous": 0.9,
    "refusals-offensive": 0.99,
    "xstest-should-respond": 0.972,
    "xstest-should-refuse": 0.974025974025974,
    "donotanswer": 0.6617647058823529,
    "hep-python": 0.975609756097561,
    "hep-go": 0.9878048780487805,
    "hep-cpp": 0.9573170731707317,
    "hep-js": 0.9817073170731707,
    "hep-rust": 0.9695121951219512,
    "hep-java": 0.9878048780487805,
    "math-prm": 0.9865771812080537,
    "model": "meta-metrics/MetaMetrics-RM-v1.0",
    "model_type": "Custom Classifier"
}