{
  "sqm": {
    "target": 0.14463275605214115,
    "params": {
      "bertscore_f1": 0.0,
      "bertscore_precision": 0.4125679734517101,
      "bleu": 0.0,
      "bleurt": 1.0,
      "chrf": 0.0,
      "metricx-23-large-v2p0": 0.0,
      "metricx-23-xl-v2p0": 0.20536690681516792,
      "metricx-23-xxl-v2p0": 1.0,
      "wmt22-comet-da": 0.19211882110000955,
      "xcomet-xl": 0.5302339431678916,
      "yisi": 0.0
    }
  },
  "mqm": {
    "target": 0.4704950158537331,
    "params": {
      "bertscore_f1": 0.07846899196286322,
      "bertscore_precision": 0.0,
      "bleu": 0.0,
      "bleurt": 0.0,
      "chrf": 0.0,
      "metricx-23-large-v2p0": 0.121408619349021,
      "metricx-23-xl-v2p0": 0.11298164043250505,
      "metricx-23-xxl-v2p0": 1.0,
      "wmt22-comet-da": 0.0,
      "xcomet-xl": 0.17522337499431634,
      "yisi": 0.0
    }
  },
  "da": {
    "target": 0.40169444468290355,
    "params": {
      "bertscore_f1": 0.0,
      "bertscore_precision": 0.0,
      "bleu": 0.0,
      "bleurt": 0.20348943554507534,
      "chrf": 0.0,
      "metricx-23-large-v2p0": 0.9127562547015912,
      "metricx-23-xl-v2p0": 0.0,
      "metricx-23-xxl-v2p0": 1.0,
      "wmt22-comet-da": 0.5161742248544905,
      "xcomet-xl": 0.48349113453313597,
      "yisi": 0.0
    }
  },
  "combined": {
    "target": 0.2646691809125653,
    "params": {
      "bertscore_f1": 0.10521700657021722,
      "bertscore_precision": 0.312676934449956,
      "bleu": 0.0,
      "bleurt": 0.14508215031378235,
      "chrf": 0.0,
      "metricx-23-large-v2p0": 0.2132504460473196,
      "metricx-23-xl-v2p0": 0.18839596761085176,
      "metricx-23-xxl-v2p0": 1.0,
      "wmt22-comet-da": 1.0,
      "xcomet-xl": 0.4442009739792581,
      "yisi": 0.0
    }
  }
}