{
  "sqm": {
    "target": 0.3102419396793805,
    "params": {
      "GEMBA_score": 0.3474338950616019,
      "metricx-23-qe-large-v2p0_reference_free": 0.0,
      "metricx-23-qe-xl-v2p0_reference_free": 1.0,
      "metricx-23-qe-xxl-v2p0_reference_free": 1.0,
      "wmt22-cometkiwi-da_reference_free": 1.0,
      "wmt23-cometkiwi-da-xl_reference_free": 0.40946871057930834
    }
  },
  "mqm": {
    "target": 0.40708110400596126,
    "params": {
      "GEMBA_score": 0.0,
      "metricx-23-qe-large-v2p0_reference_free": 0.06564649056309636,
      "metricx-23-qe-xl-v2p0_reference_free": 0.0,
      "metricx-23-qe-xxl-v2p0_reference_free": 0.9904603321616574,
      "wmt22-cometkiwi-da_reference_free": 0.1267047358620059,
      "wmt23-cometkiwi-da-xl_reference_free": 0.05844699223607353
    }
  },
  "da": {
    "target": 0.36800920703665396,
    "params": {
      "GEMBA_score": 0.0,
      "metricx-23-qe-large-v2p0_reference_free": 0.0,
      "metricx-23-qe-xl-v2p0_reference_free": 0.1601678155778913,
      "metricx-23-qe-xxl-v2p0_reference_free": 0.0,
      "wmt22-cometkiwi-da_reference_free": 0.0,
      "wmt23-cometkiwi-da-xl_reference_free": 0.966898763305785
    }
  },
  "combined": {
    "target": 0.31627478838333,
    "params": {
      "GEMBA_score": 0.0,
      "metricx-23-qe-large-v2p0_reference_free": 0.0,
      "metricx-23-qe-xl-v2p0_reference_free": 0.3160796209478999,
      "metricx-23-qe-xxl-v2p0_reference_free": 0.25820967941931705,
      "wmt22-cometkiwi-da_reference_free": 0.14816399552922072,
      "wmt23-cometkiwi-da-xl_reference_free": 1.0
    }
  }
}