{
  "mqm": {
    "target": 0.3719853317150739,
    "params": {
      "bertscore_f1": 0.0,
      "bertscore_precision": 0.0,
      "bleu": 0.0,
      "bleurt": 1.0,
      "chrf": 0.0,
      "metricx-23-large-v2p0": 0.0,
      "metricx-23-xl-v2p0": 1.0,
      "metricx-23-xxl-v2p0": 1.0,
      "wmt22-comet-da": 0.32147025151719355,
      "xcomet-xl": 1.0,
      "yisi": 0.0
    }
  }
}