{
  "mqm": {
    "target": 0.3987011239511575,
    "params": {
      "bertscore_f1": 0.0,
      "bertscore_precision": 0.0,
      "bleu": 0.0,
      "bleurt": 0.0,
      "chrf": 0.0,
      "metricx-23-large-v2p0": 0.0,
      "metricx-23-xl-v2p0": 0.0,
      "metricx-23-xxl-v2p0": 0.9148562624679818,
      "wmt22-comet-da": 0.17805622754045575,
      "xcomet-xl": 0.24948534926819022,
      "yisi": 0.0
    }
  }
}