{
  "mqm": {
    "target": 0.39869737820718637,
    "params": {
      "bertscore_f1": 0.0,
      "bertscore_precision": 0.0,
      "bleu": 0.0,
      "bleurt": 0.0,
      "chrf": 0.0,
      "metricx-23-large-v2p0": 0.0,
      "metricx-23-xl-v2p0": 0.0,
      "metricx-23-xxl-v2p0": 1.0,
      "wmt22-comet-da": 0.2055307813370211,
      "xcomet-xl": 0.27327721603913696,
      "yisi": 0.0
    }
  }
}